{"GU": [10, 10, 10, 10, 10, 10, -2.276112772662931, -1.8424767875880703, -2.345105644149882, -1.852629159052088, -2.2273226084934987, -2.477750118756177, -2.012113184854709, -2.0725138174216915, -2.6983849990874766, -2.476783468125082, -2.853629770927594, -2.399172865420158, -2.7869383964289214, -2.536643856048761], "CG": [10, 10, 10, 10, 10, 10, -1.1596059941182706, -1.0826449529821423, -1.9217460461651674, -1.4292695610673731, -2.091645082960565, -2.4550130044038387, -2.260394562208976, -2.5370897255560063, -2.596840479924001, -2.4838279265957834, -2.691392972322305, -2.503340740819365, -2.634731568944777, -2.4191486495990175], "CC": [10, 10, 10, 10, 10, 10, -1.1858687336653377, 10, -2.64115596627218, -1.54254367760407, -1.5425436776040702, -1.9408913179433707, -2.329216916174839, -1.8249486929550074, -2.50195883611198, -2.5581768528104885, -3.02532307670141, -2.7364661460765047, -2.8433158652857986, -2.4980551226315066], "GG": [10, 10, 10, 10, 10, 10, -1.9667915251076689, -1.091322787753769, -1.342637216034675, -2.323466469046401, -2.2364550920567714, -2.5592951798879264, -2.3852438287426443, -1.7791929112128704, -2.5068467871885978, -2.4692488992031425, -2.8568798845877996, -2.4847346166425233, -2.9310914761681843, -2.49531672597306], "CU": [10, 10, 10, 10, 10, 10, -0.7609855397000718, -1.5594932359178435, -1.5231255917469686, -1.1176604836388042, -2.033951215512959, -2.5276090356565843, -2.3097988303177375, -1.7677902791150588, -2.623619348514784, -2.641298406269572, -2.6920070762616346, -2.503954844758695, -2.8746701048021204, -2.621737880415078], "UU": [10, 10, 10, 10, 10, 10, -2.5721630947852283, 10, -2.64115596627218, -0.8493964970441247, -3.008880746397497, -2.634038498503316, -2.1956855235503165, -1.7677902791150588, -2.9662644442430777, -2.726313774612487, -2.51905326947128, -2.0125473068498057, -2.744875792472546, -2.41801241495797], "AC": [10, 10, 10, 10, 10, 10, -2.6679986226447143, -1.3870647771826503, -1.861522756777766, -2.3921510078399364, -1.8615227567777657, -2.5819538962861794, -2.425052444034325, -1.80300118515811, -2.3689527915426183, -2.4688699475343783, -2.828899865081703, -2.7535207960828765, -2.721850117455303, -2.4927945336196236], "AG": [10, 10, 10, 10, 10, 10, -3.4484725215539216, -1.762073567983693, -2.4188531043727632, -2.4188531043727632, -2.6195237998349143, -2.411735636603899, -2.469819547964791, -1.708006346713417, -2.465758253846424, -2.578543964575637, -2.6869480435492394, -2.6080951040112916, -2.659331867688519, -2.4755484480493086], "AA": [10, 10, 10, 10, 10, 10, -2.6209532589546605, -0.9345543053844316, -1.1858687336653377, -1.1858687336653377, -2.4851517177955986, -2.459685111358538, -2.665689152796052, -2.2154881508464963, -2.3500783048192604, -2.0977051151901125, -2.7089220319006175, -2.7334312423813505, -2.805094652465601, -2.5468452868009384], "AU": [10, 10, 10, 10, 10, 10, -2.4730404818462475, -2.4730404818462475, -2.4730404818462475, -2.4730404818462475, -2.4730404818462475, -2.4730404818462475, -2.4730404818462475, -2.4730404818462475, -2.4730404818462475, -2.4730404818462475, -2.4730404818462475, -2.4730404818462475, -2.473040481846248, -2.4730404818462475]}
